Temperature,Humidity,Wind,Rain,Fire_Occurrence
32.483570765056164,60.99033154879003,7.974465175076856,0.0,0
29.308678494144075,53.869505243691535,9.566443987853447,0.6980749461024907,0
33.23844269050346,40.89445554880261,7.622740237000116,2.9319723328917786,0
37.61514928204013,30.29594833441639,9.07611541108288,14.438438286700952,0
28.829233126383322,50.47334970420385,4.319155999138643,7.782765622668791,0
28.8293152152541,45.90228078132624,10.639881122118815,0.0,0
37.896064077536955,53.42789830041598,10.003616426086673,7.430181447088184,0
33.837173645764544,49.52757702522954,7.548734106795428,0.0,0
27.65262807032524,55.743290729790026,11.977737005297215,10.413455269435367,0
32.712800217929825,31.971471826591483,12.812710412879674,2.644376740910607,0
27.682911535937688,59.76091098451489,5.177320406893077,4.531819056304146,0
27.671351232148716,42.96399407038599,7.711825664301357,11.628983237710951,0
31.20981135783017,71.12891308937898,7.692572950638105,0.0,0
20.43359877671101,29.662182728656482,7.180290696673406,0.0,1
21.375410837434835,66.03945704747875,12.488424525795246,2.0820033682699757,0
27.188562353795135,42.96866175193972,9.418521583681589,10.191894255096583,0
24.93584439832788,30.228729945783275,9.206455476068168,0.0,0
31.571236662976368,32.741712489185176,3.9884129067797396,0.0,0
25.459879622393945,35.1947903770852,11.90625409062768,2.744205707955006,0
22.938481493323543,46.36248919602875,6.282224815439582,7.758703999554601,0
37.32824384460777,47.84253232053249,10.179797890798985,11.001308748694147,0
28.871118497567323,31.394499940921314,10.832130813874574,2.684193189573005,0
30.33764102343962,39.634681116085254,14.081975787515953,2.942866964419988,0
22.87625906893272,72.13405537917795,6.0735388026426635,10.769503671278736,0
27.278086377374088,65.91314755151066,0.941463532537524,0.0,0
30.55461294854933,46.54485504511048,10.551548634261085,3.0573961240849536,0
24.245032112888488,40.570052172523006,15.401533544532562,5.952119449625289,0
31.87849009172836,41.80046990077392,13.716839058818312,7.2460936064251715,0
26.996806550405974,49.20276959095625,10.628978245823877,2.450966534045587,0
28.541531251033618,24.658111522023916,8.525091443103857,5.172205058529206,0
26.991466938853016,36.139351938649824,12.421367789911931,0.0,0
39.26139092254469,14.971238891836158,7.079361400886594,1.7087579383307583,1
29.93251387631033,45.98834683907919,11.429073308068658,7.267543562772337,0
24.711445355220498,49.707939095541114,11.51641047749988,0.08852982872660231,0
34.11272456051594,32.75220306550939,13.18062972249664,5.294921107947987,0
23.895781750144888,63.60980144935049,18.278980116733234,7.23436250401349,0
31.044317975023777,21.613515054964882,11.177247901536301,3.287253995711175,0
20.201649380601122,18.034376796852698,8.473109122877503,5.852318854982855,0
23.359069755507846,43.36677727839958,9.923277063424017,0.18633717357693858,0
30.984306179345616,55.70647453918232,4.692772285332645,3.966943601519767,0
33.69233289997705,65.25891537186803,7.915860606732825,8.051080847946112,0
30.85684140594985,33.1167360569659,8.772152685660688,5.784864804842171,0
29.421758588058797,56.180212501469434,8.427734806196222,2.0673436521803223,0
28.494481522053555,39.422372957489394,10.457064616101166,6.121082021453965,0
22.607390048162863,37.41059050088771,7.5327402028533985,8.57304895318309,0
26.400778958026457,53.25489906230008,13.363092001973413,0.0,0
27.696806145201062,49.78484317620129,10.000621194754592,10.795370324779489,0
35.285611131094576,16.354117645236258,9.972099036584156,3.31872630659464,1
31.71809144784231,62.14810524588844,9.016315850461247,7.1274496662011515,0
21.18479922318633,60.70137031221177,10.465572051576938,10.986234618226138,0
31.620419846973974,30.616559477357058,12.475294794002904,0.0,0
28.074588597918417,45.93705300156114,7.3986093528672985,1.452794987862267,0
26.615389998470206,47.41045279424108,8.02565053277423,3.557256520621476,0
33.058381444204336,43.910106487358604,9.088821913670007,1.0812323943778583,0
35.154997612479754,31.745422692318698,5.962387229580355,13.674682879184042,0
34.65640059558099,29.925649480929227,7.542226420835506,0.7161395308660365,0
25.803912383886807,39.61668893512832,8.571337379366023,2.222266102565667,0
28.453938120743928,57.59093528889047,12.623167542138184,6.0219451580148835,0
31.65631715701782,48.15400231891648,10.787683987005774,0.0,0
34.877725635611796,34.44078501870841,10.580769734102633,3.021596441218681,0
27.60412881077355,51.57548065972517,12.552693886503917,6.587266306250876,0
29.071705116680914,5.0,9.58788463480181,3.3356979780874436,0
24.46832512996986,57.23148550558155,11.171394549786669,4.533065705500259,0
24.018966879596647,13.904293318328506,9.690334741202511,2.353339437758146,0
34.06262911197099,34.563385878953014,10.796087048198885,0.0,0
36.78120014285412,23.20495158060784,8.251724027165254,6.607966056696193,1
29.63994939209833,20.579777864186415,2.6835485251707123,13.774665358236208,0
35.01766448946012,57.41240181067779,9.597162513441088,5.092008153917191,0
31.80818012523817,32.98448198032163,14.26824440829982,6.126320586237748,0
26.77440122697438,45.197558225960734,12.778646206724776,8.463613775584298,0
31.80697802754207,39.29619131681224,12.896192453773512,0.0,0
37.690182832329846,47.15561240834682,13.708392165418655,13.512573290648028,0
29.820869804450243,41.15232836590383,10.265972772884313,6.01164398211401,0
37.82321827907003,20.755116637171454,10.591947122216787,13.159284495445544,1
16.901274479551276,54.9440022917071,8.147044313696949,1.3348350223800534,0
34.10951252187612,32.593651252580315,9.051781431918851,14.090309612789124,0
30.435235341190857,16.651271520103734,11.847313449313425,8.875777470173915,0
28.504963247670663,33.578272585511314,13.611653311506448,7.765200429261792,0
30.45880388267751,62.51139685951466,9.581661172957002,6.17012227176574,0
20.062155426995538,52.753326131702394,8.649432205445766,3.7573569096277533,0
28.90164056081244,34.77021798388211,10.001583876569791,11.002658292369363,0
31.78556285755873,34.76113443522357,11.803620246787345,5.701799349240234,0
37.38947022370758,35.17547423173926,5.668435551599375,0.0,1
27.40864890863176,71.15121975341262,3.1114571405882856,0.0,0
25.95753198553406,45.7290317834733,8.34838945152525,4.070771239036263,0
27.491214782077318,46.45062470786604,6.337862722257524,6.549994915827775,0
34.57701058851037,55.45425181047763,8.475579407058067,4.717057555500521,0
31.643755548298422,43.581837385397705,9.556659043547585,11.094853948968316,0
27.351198981164806,36.11436781268945,8.640254772930959,0.0,0
32.56633716556678,37.05475226372533,14.357402603412236,5.717939682525801,0
30.4853877467402,38.92598110878904,10.98023429380696,0.0,0
34.84322495266444,39.44166645235238,10.901423078832485,8.798561477420842,0
26.489734530613237,50.9144431545547,11.866621432130206,4.527706427789986,0
28.361689267011158,40.77918828710949,6.583500646657693,7.098049860120591,0
28.039459234339212,50.98960115823369,13.117335362260807,0.6805851970511698,0
22.682425259339407,38.78925129837126,9.77270714039362,11.397324658288756,0
31.48060138532288,41.17952785474136,12.011441851723639,10.208623320294256,0
31.305276360899448,10.026989732018386,6.784428300879534,7.917721515059438,0
30.025567283212304,53.74491512053722,5.338723701951807,4.352413765682796,0
28.827064333124266,45.19732713846989,12.453668974075086,7.89928642647566,0
22.92314628974793,54.97015164789478,11.12922857829255,1.4655371600632554,0
27.896773386173205,5.0,7.293845336927468,9.27777829510356,0
28.286427417366152,71.32562057171091,7.391010756175917,13.247404471619605,0
25.988613653891903,37.90615557767239,13.376304353244308,10.35305279989593,0
29.193571441669953,56.622742251062746,6.431764321398017,1.3519876509629523,0
32.02025428407269,24.401411093117037,14.92801885976789,6.807086586365514,0
39.43092950605265,49.191608575938545,7.298137796056394,0.0,1
30.872889064159196,24.198766552395156,11.91517577682515,7.861951555878379,0
31.28775195361382,30.643465589562922,9.014144572753047,7.253017064312694,0
29.627770421169163,68.71047030800179,11.80956229324703,0.0,0
20.406143923504793,37.1397639885498,8.367657993657422,0.0,0
29.867430622753915,43.26149309769584,9.511621281783118,3.584305516281164,0
30.301151049705133,53.05101596033131,10.122757526187163,3.4957012642958687,0
42.316210562426434,47.43522831958907,6.993437632655581,0.0,1
29.038195176094387,42.256283577153646,12.222473036260379,6.944893646760919,0
31.507736711668063,45.47441503699338,8.460359300585244,6.25736804470256,0
29.826441151473784,76.05123377857413,9.314200253979944,4.028654340107403,0
24.15660981190234,39.13571804449622,7.016951876174463,1.2210424992081852,0
35.7141140725751,43.016485700724516,2.3129990236140685,10.243535632082818,0
33.75966516343387,55.75981594011418,9.426916712199493,13.277035565441476,0
33.95515973521523,56.58288899436975,17.237846264838748,2.5821925807673147,0
25.453062726026303,57.805454583405705,12.35381286369407,1.9391654142258963,0
37.013971554680495,49.580953330437765,9.942218860796816,7.456038327059981,0
22.990744686038596,22.854926309042746,9.211327512375197,3.209853101265069,0
32.93428546900135,64.50147298451644,10.067397678436139,4.303013996683829,0
40.952278129049894,22.80481910471968,11.64135734552563,8.698265758623357,1
25.04731837434656,44.5395319785855,6.457561554073465,0.0,0
27.16851135198614,28.68586224970963,13.342965084006616,11.591511624263347,0
30.498256825438204,39.03792480110511,12.146143946323733,5.363402621646706,0
27.482621729419005,44.93143615455221,12.154557177123802,2.942534277189099,0
22.246682844669337,44.8203582317541,11.315427216429182,4.553829228892756,0
30.342814874030136,46.32881131352927,10.05884997308197,4.812146775102594,0
24.688481431369475,64.20566903587971,12.01858370790046,0.0,0
32.36796215317591,46.803014522709695,11.775442401224135,12.47469113726618,0
25.402878828830985,36.33765047064027,8.937877867176928,5.206628161353092,0
37.7496720250877,54.46130752432536,8.279194681309297,7.2150106522368755,0
26.083733538318814,57.842057333869604,10.30556888578596,9.757748852870215,0
28.38969241897162,21.585882772945112,14.647060454485562,0.0,1
34.06758608684835,48.96100104774787,6.282678773038297,7.367359495176142,0
23.845678417830225,50.517591134663476,5.59742420274268,3.661794545506032,0
31.137299673020646,35.53654744960012,10.49428252370955,9.233853876082469,0
36.53571377141214,60.635602199674295,10.152663105568054,0.0,1
21.96258382719386,37.7491661945121,10.520024993111225,4.504528498793655,0
30.92316929266152,41.88364680207313,10.7318595937255,1.9858967210801919,0
31.299413971242117,37.40392263574196,9.330393236095585,7.161314753170777,0
33.909114358886555,40.23368571372201,14.469590315806247,7.35022093684101,0
23.81524644560959,23.55587369657197,5.197288064570453,1.4618705258898697,0
23.397716934578618,18.399236761085586,7.514508925659262,1.4391306791197822,0
32.60970782808449,63.917575948374584,9.690235719552858,4.446673157213353,0
31.48492336616593,27.295579775225082,5.070433566537498,0.516788863423959,0
31.252464251729382,25.129114758155392,9.472436786703787,9.209918477260635,0
31.732241047484877,7.699148295944276,14.984410497184054,3.1539639977627694,0
26.599876392107547,30.415573784657468,10.062659464887885,0.0,0
31.161268485805017,20.153653098887524,10.69210271715605,3.1258897168909696,0
31.465362366493405,64.63022740204553,6.219505704482259,0.0,0
26.42824290986816,55.14725634013951,8.150915775881568,0.0,0
39.328872555723784,29.67774482233414,8.874410859028188,0.0,2
32.36916460455894,73.78653708016463,9.046854709731297,5.54704235916485,0
24.043482513986756,54.72648230487391,13.844931385011307,11.643204141241156,0
33.28276804316915,35.12752924737066,11.673073182175374,6.5659223693249,0
25.126591648863393,5.0,6.6656261291889045,1.9674830589213017,0
33.93542301871226,74.36413858886112,10.739514335296015,7.279520975853513,0
35.79297789503702,19.15641299854606,11.494665245490356,2.704548448905041,1
25.89658840824145,15.319018795646624,13.4204471155638,1.5269981541842768,0
34.816880646221605,55.338556480144604,14.74162205970512,0.0,0
32.063904634682494,76.59628609508908,6.954717424516394,0.0,0
34.11030079997245,60.764092277657774,7.5674274663689856,3.0503814672027736,0
39.48396491326974,48.45863680078539,6.227266423256151,5.790267449600659,0
28.773059419985646,48.92131512497929,9.297940422679055,4.516881649925551,0
26.23131917821255,52.80123338170462,11.399075123339003,2.9201653602632067,0
25.552427851872384,51.38392884680148,12.962003549767307,0.2712696965160948,0
25.920948575172808,44.21787135954064,9.772146929072433,8.041230958424842,0
29.614491452929478,41.56301655927814,9.040457430235469,0.0,0
31.70575987408322,39.06110308150716,10.455273976746222,8.880139569217377,0
31.383453996650097,28.690531166999854,7.494571295109931,0.0,1
34.13591624518012,35.78987384699839,16.26861616508432,1.237823813234825,0
30.065009459389536,14.605647787069216,5.177016918645824,0.0,1
37.26767038578659,38.52490559807875,10.554221736687174,2.4929892655718167,0
28.67671583381022,25.171133392736238,16.070818657688918,9.876562292389895,1
43.600845832948096,23.446160241763437,10.020399533679994,7.578140442219782,1
33.128336738825034,42.698412267302174,9.429882894995517,9.892110560140175,0
25.714212217918586,60.88003429516899,8.927663731568718,7.610712729669679,0
24.64553750969444,53.774749090034696,9.458824954712776,0.0,0
32.41236207621593,16.442490945652345,14.118545424029591,3.346053878362213,0
28.882686073370746,25.155577951444936,3.3644142660114795,1.0990043544126866,0
33.57000247046046,54.111567819823236,14.600301103888977,11.652874520195201,0
32.366188122867726,25.262689096925357,5.728128542649564,0.0,1
29.635855436715637,36.63050275004463,9.200043012296756,9.468488446945553,0
25.766031409657977,48.25078148536828,8.712266739104015,9.464769350543847,0
22.425763876570677,25.47483317704547,11.76565980931216,14.148101008580436,0
27.767425239664895,41.580632592189396,5.205626944348757,2.9515670368525133,0
34.28199397161736,19.989617576226934,11.386517998245829,8.56161079790081,0
31.07046872065102,30.979485340731795,16.072928869860558,16.408259182694213,0
23.771306106440058,44.79672901213806,5.910477986221569,1.9117916153315169,0
30.86590462925591,16.105093997024962,10.569118502831188,0.0,1
31.926586898644185,46.607121069405984,8.014053466610173,0.0,0
25.580712818994336,39.70543301609978,11.277661618579106,8.563560144306656,0
30.76862552972764,48.28734931625722,10.057443332247257,0.0,0
30.29104359223,43.358712010969924,8.075539272867072,3.138404735310386,0
24.285148510846884,60.46210644960766,11.463616854613221,7.186565935194803,0
31.788936801741418,41.87836753971861,15.413044329360229,5.925877684149571,0
32.803922631841175,33.558916883121206,9.427288624818104,7.1272243209208614,0
35.41525621587638,41.83446254548426,12.159273826444545,6.111449279004271,0
35.26901026017451,48.14947043554582,6.120181126386509,11.394329066566966,0
23.111653160214544,40.732901054885566,7.130690869545974,0.23841809630601496,0
25.310874800424386,40.608875368058236,11.417218833641133,1.6150243077073432,0
32.5751763360433,29.47012468289867,14.452348085607895,1.1367027736458803,0
32.56892975456105,30.05648623673578,11.06684004635698,9.15095905931305,0
32.57523843153024,18.960920923004597,9.060825908430537,9.501992941975317,0
49.26365745327361,66.24365114780409,9.997874216270063,7.256126596592541,0
32.85445255346583,21.342051469130723,6.248776798090848,10.917468334449639,0
35.677828200902994,29.606422033061392,11.8135459790661,0.0,2
34.770008817466014,29.22389101646204,12.646999186970227,13.336120557755685,0
33.25695625652899,53.42386565416662,8.643729001500759,12.61619310856129,0
28.42365377679827,35.57575482561958,8.589873556721496,8.678109986228733,0
33.79484610246634,58.716131090106,10.797634688956146,13.9089945438553,0
26.13587392731214,29.897640636341972,8.689840791878213,0.0,1
28.815906966299956,44.18491243335703,9.801602156122533,2.3777593186867407,0
27.573182260854484,27.46979420110364,16.299165367499548,1.3234826965902386,1
30.409370696931614,72.17723691660083,9.25892289776201,8.607396618786716,0
41.573292833367546,22.186023714557308,8.924979543936333,0.0,2
20.66367403704126,44.64731065340541,8.057374583094523,8.787475746687427,0
33.431300951872565,49.50665321398148,12.23257591449981,11.852680719983567,0
21.936420644051744,46.20698646177247,9.45632748034569,8.476014500419996,0
27.640340671052833,37.220685116834375,8.051880885035722,6.418755118307505,0
35.44475298483683,38.05268950399861,13.963912096819037,0.06063329549625429,0
30.321400095477316,40.657172079686646,14.258809013540912,0.7657451693731767,0
24.61127611035347,37.79496997557267,8.198729302783885,11.248094526483333,0
26.42348145370016,54.45818675192365,4.4003801459181515,8.896745019526662,0
33.39798874467338,73.15784502387027,13.022541069510766,4.80490240311228,0
26.34816684141432,31.637623224882496,7.946110522719988,2.910452271170547,0
31.082292947909874,19.452955306313832,12.371876797488305,0.0,1
30.22785919951907,38.67576927473118,4.089688546864494,0.0,0
26.741998261970913,78.69564006481477,12.677792014897928,14.557095435698617,0
40.719720446626624,27.944881480454036,6.366484212157657,0.0,2
33.169595111590056,64.58675208166102,12.192292357199573,5.9473991061054035,0
19.874287066711965,65.1655122111466,10.042819203509302,10.037219865975992,0
30.93227157384714,31.69617637438008,7.138181741810065,0.0,0
26.69106767615806,48.534746187779135,8.778891061219658,5.923552373905417,0
34.26216667398112,64.42594934692806,12.058955370870102,9.689577687553275,0
26.037396307836495,34.313083885187694,10.317683359345702,5.062496609536252,0
29.426317792665504,36.946294598464576,11.753238941417452,19.34201527833384,0
32.524936394902284,31.274786290770344,15.929321753546457,0.0,1
34.32877597085061,24.778649039606996,5.307275164866846,10.293642649419395,0
23.998517964721117,30.260836824009893,14.85163772490587,4.135991313017678,0
28.327493820795258,21.64089599856615,10.313067812569638,8.859600774183376,0
27.62527344419522,40.51125202388839,7.303647855030615,7.206535758496229,0
26.73335383713144,28.450401534120374,6.009059122783031,1.3342190144500172,0
38.82727120140548,43.50678867686121,9.4326388276689,6.1449819622967015,0
32.024908554804774,16.66156530694559,12.764950335773378,0.0,1
23.695580228324772,44.96320348321686,9.617352638867397,8.016237502856969,0
34.58930973527388,52.50293442413387,14.533464790742043,6.490792329952628,0
40.610780985063165,10.093965361428168,5.646472929845324,8.193300843215512,1
35.16232630275574,45.61084854771358,9.963733156461837,10.290591625435752,0
22.403150170229935,58.41503488709938,6.242819666760643,6.838099201048554,0
27.578829635668743,21.855384719631918,11.090895647874904,5.740447098991381,0
36.334555745933116,65.08858580256555,12.6606621702919,0.5946583166935389,0
26.461652671906094,46.28528514049068,8.73771461895684,1.4388961817547452,0
32.219097140731144,29.424822163623865,2.1873584301185973,10.933673100886654,0
33.87317026714668,39.16346383513441,10.596844440389484,12.181677028529894,0
25.365347642109583,48.374903687825835,11.310215655200528,3.80944781843973,0
29.702373219691,41.14008087118617,11.212884264885092,5.230013736266371,0
13.793663299654636,48.08133988669554,13.707346575466463,0.47692812503116944,0
24.878061793328552,26.189896103809506,6.786838961052854,10.863784226337224,0
28.7371592430342,42.54041236054117,12.040648316351348,8.327084118458894,0
23.761084090175753,18.794282546425297,13.577522537433925,14.706087182318745,0
38.16205651965818,38.33160907976949,4.6642372479804495,0.6083846141013058,0
22.849293110196836,26.44138537802815,10.958955477756932,3.109960504908914,0
27.799777566515083,28.967050861153503,8.487460506976985,6.157229612627861,0
30.653702886430455,58.54139762815656,9.755431980695063,8.232447688628852,0
37.20636644533058,56.369651808914035,11.043029450615009,3.9216618122618385,0
22.8206892441028,49.137071813607655,8.538314307659343,0.6351945477314977,0
35.815818760774796,23.615308529911314,7.972875762515164,9.407037644617855,1
30.051165305097935,35.25387325457797,10.102457252464074,8.605676812727907,0
25.092456744760245,58.19646549968775,6.738262183411592,0.4186294971813753,0
32.31051737131635,42.12575370459857,6.742524613344443,11.77721400552748,0
30.99529847786735,74.7899430997254,12.03811984886951,10.85099354598302,0
26.998915614206027,45.89976759091558,6.553617894524032,5.671482486238965,0
30.349010424950094,42.880736747350475,11.998937502727635,5.397989311880182,0
28.0734320156912,35.363253036962476,11.387773878561854,7.770288855579536,0
30.56758672625624,42.00311357173423,4.822579813628209,0.691484648718709,0
33.31065337260523,37.712952454291845,7.967306042993035,5.150157395820411,0
37.93008408072676,50.621630150328855,13.582328209142117,0.0,1
23.810922505865754,54.35053475191876,7.056503406580955,9.382278227514679,0
40.665166873281336,28.21015809238076,8.606787213071836,0.0,2
20.23956100238749,20.031505696633328,11.38618267975569,12.517099142144996,0
29.241074524822082,12.456919403450552,12.350171527847786,3.3493995301677484,0
32.94158603242288,47.619869903688155,9.245383341866512,3.9416650903441157,0
31.404959338675162,23.449500907391897,8.207469415925075,1.8613304695774717,0
26.88650240089703,7.706641105712755,14.267109585095522,3.559805630389618,0
28.959388748213623,45.82867906796446,15.216698991392736,12.092656725740182,0
27.534995326705836,77.39499276149186,12.936574152345386,0.0,0
27.053176215278942,39.9089363269016,10.255954427695071,11.384826930440939,0
34.24801048510513,52.577361616774624,7.575202835077221,6.690117405508541,0
31.785077429825236,41.22744037821347,7.508666780330304,0.0,0
26.535452023696728,38.51665520213286,11.567542315797272,0.0,0
34.49799937716625,53.786147244816526,11.255194662666051,13.381965136041016,0
31.536497604383047,35.64588183717023,14.204795778839287,0.2724656002863437,0
34.0643105941948,44.010884711078546,11.951350277608418,0.0,0
33.14814420961806,44.8254670929402,5.490759094720546,10.686572711823647,0
25.855024945389637,29.97864319535427,13.155842853168757,6.692764381429571,0
27.199094799015153,54.88063524304784,7.005818118056761,0.31037211731800607,0
33.73646802561631,37.37560364956887,8.848086184142945,6.083124877023095,0
33.05185132716733,28.66382260760733,10.750600618755083,0.0,1
29.89549203017926,48.047647653556055,15.987002469351893,10.504106992113027,0
30.58663691654391,26.522980273134444,19.329755668016084,10.306854824365669,1
36.388324478942124,40.42271736053692,11.820169177408548,7.660030994109715,0
27.04214305582085,39.86321505033695,9.450410143838836,6.8083053062350825,0
32.73548690585019,56.28843348747367,11.603516945441651,13.805940624336868,0
28.98903673783053,47.12047349319929,12.662966277621507,4.998431636941127,0
28.9115939838639,39.624595618822845,9.037997123328426,0.0,0
35.49388425993595,52.266494488004305,15.385634067736966,7.247369564161534,1
34.12708174494015,60.8531132352597,10.690212277574206,15.43023524768557,0
34.06754818000319,48.36715459527793,11.493229267274183,0.0,0
36.52739403577164,40.15528929765071,11.997772756163384,3.192686166530071,0
30.105019208163796,20.322456514747607,11.264759831843367,7.082230190507263,0
33.40976485647482,24.02329505386941,12.516821501408836,4.730475754971304,0
28.44866621703272,35.421629434679986,8.148240440359231,0.08848209811342755,0
31.62083176244221,30.857316967610753,8.325094738161908,10.609289281152353,0
29.349284728161578,37.19543045521831,6.6995373010849155,16.600203610086297,0
30.48497982496359,40.849748873456605,11.318503691860679,5.980657295119537,0
32.975785127184565,47.94539131535096,12.336809510536343,0.47965855131999824,0
25.908896583832636,38.94251832911363,11.373318598455658,0.0,0
40.4619363784273,47.297524657393026,15.023477300042611,6.289879906105904,1
24.96991309250149,40.9671162221518,9.98321194351286,10.519386716581288,0
23.92905693606134,10.368001504691932,12.006224966777538,7.375838732476908,0
35.79055436750034,25.909969092718686,6.724897371582057,4.987980795405731,1
33.95831346981468,37.83868666417577,8.838700892576798,2.053641741053469,0
33.12059908526078,21.854578857383387,12.086613272697333,0.0,1
33.1417275463214,48.998930949943066,12.547306332229432,9.17375663162441,0
29.938766135765427,62.96126248515546,9.118099157007453,9.568858106927928,0
25.51372814257084,58.28142777545975,9.785202244425799,0.0,0
30.37902279096863,36.79835693604688,5.446378759957572,12.949194890903419,0
26.61419144243944,62.36089205274928,8.928912397580172,7.870356104470007,0
34.87559866708875,42.23001185803167,12.671149490559358,11.997973225728966,0
29.264713092489306,34.94371043322941,11.7256150483197,0.0,0
25.872514016037442,30.798960046885902,11.50199716414363,0.0,0
28.393070791735035,35.462954702678076,10.14932106154288,4.255153451163515,0
32.064657271378124,34.17734772188157,10.02118947588453,7.513922134475971,0
27.181377235980126,42.55624333563232,8.019036581579659,13.981804114634818,0
25.888898022167844,42.40860971574797,12.096485260607604,8.530394569075657,0
31.218436057459563,40.04569030230122,11.26291883316817,3.7865936159398332,0
31.224832855543614,46.55407254619525,11.476056543978398,0.0,0
27.46528412314435,57.859694121795116,8.421895471997258,11.15000286359575,0
27.644808471908387,54.24331203161986,3.539971240386267,0.17647287124642563,0
31.16024968678818,17.726530473251447,13.291458135261088,13.142342773861609,0
22.75957829251338,5.0,8.563487631974787,3.5780767519674535,0
22.962681128117225,54.01479866858911,7.411672707870638,12.952910363089252,0
26.40777889373782,19.496819523768682,12.08043673574198,8.394656450296392,0
28.932764241440765,36.62851897160975,8.82396208024261,4.315022552787709,0
31.554537827990025,22.448304609109606,13.179809152139866,2.4030181408693667,0
37.37678108474776,12.970293436299706,11.851017848730093,3.2954606132696007,1
34.2882981160101,48.12194092307182,12.050707969601433,7.141583461876188,0
29.200307350182864,51.387327404539704,5.902132866398397,5.385782481088584,0
29.904918960486555,31.35234398909921,13.635831956159201,2.0309429596564743,0
24.987353176810956,5.0,10.783751593701568,4.171842948411839,0
29.90743432003805,31.806333276212758,8.892168582261391,5.392885148595749,0
28.55670680539931,45.877060081038195,10.430165402026754,0.0,0
31.613592801690448,17.81632646838807,4.67129430130504,7.290840573943493,0
25.863845282238387,42.750398796687335,11.225958434442013,0.10139387641596631,0
32.59673257120586,39.77035226240507,6.9118854754537855,0.0,0
37.66369456501289,48.689372494016325,5.941989142469397,0.0,1
29.456199257715713,41.7937055262123,5.432922441346326,0.0,0
32.00855861049471,25.403965886776668,13.338065124969775,0.0,1
33.45071995855556,57.948572524967375,8.112209818921635,1.454895211847548,0
27.993897640570818,37.62205640459545,14.601183129749497,14.76629568763284,0
31.120462409052084,39.590431907351025,8.392595610843106,2.3706016205239804,0
30.062962003908975,26.00098061390206,4.87792612722116,5.888750531340157,0
30.48838049274416,33.35076623212734,6.650426680154022,7.002406932531644,0
26.13495108072267,26.727959289596484,13.707434860020816,5.655325931079243,0
30.122550871294713,37.405809101148655,9.532305466189998,4.612782696370032,0
32.48999145622725,65.67562720213516,8.355138110528197,0.0,0
37.25571803897521,19.421482856029655,10.480054677558362,12.25463774139606,1
34.79635413042603,15.796579031848882,11.505348208502635,14.035983218189426,0
40.76591228755778,62.06755491240413,13.352196447707382,0.0,1
26.163262185559752,36.86014484272201,14.34549768967878,0.0,0
34.36160318360339,29.963908920101254,8.920694062632743,3.6009482881149695,0
30.91671002869176,55.59857031094115,6.021856941753885,0.1773110254490433,0
40.94901466608836,30.915766903947038,8.759604516630173,7.529827767279326,0
25.958508573224243,67.39014570320404,10.780841519748659,1.358638987966935,0
25.801390789096118,50.16888807008904,7.108723221368168,15.825280339033013,0
27.00303677277989,32.68132887781446,7.128547255314871,10.952742971717981,0
19.380521378450965,72.35962319898255,11.031363644649657,6.062870153161074,0
27.371224891596196,30.914276154949924,9.854042945288647,10.13493131659866,0
26.20433669223151,51.13143058013961,10.09839098623476,10.529502121786544,0
30.75196893238104,44.48938870609738,7.724513995899791,2.1802625597087837,0
31.708779878885796,59.52611934098197,9.308797857382698,0.9189137772901761,0
39.38085419607943,63.42266795090279,7.227300567195087,5.390715314848237,0
34.75211919093025,40.4800622359865,12.67059523337436,9.30818062248972,0
27.115481721687985,28.69873194480725,13.105748004171257,5.695301993267089,0
25.50792664325821,46.89958214408675,4.4614364132857185,0.0,0
32.45959585753253,29.834269453718406,7.21146741942277,0.9858777802457883,0
23.398833964896788,70.20080871289935,5.510412234729763,4.63013568202811,0
39.157293829271765,42.04802996624106,8.049928196779305,4.621671978370848,0
35.897200603606436,34.52017673031837,9.749686090628918,14.86271088394904,0
27.654121739476476,42.77020458797362,5.6510643409044095,0.0,0
21.434327354545612,19.793105657054554,7.234420560624061,7.5279462091793725,0
36.76936187082706,25.425789422340227,6.988127883755505,12.445565541641448,1
29.42730077373691,58.00620861916638,10.621801988196832,16.35724872711398,0
36.18908155986731,30.146585815429063,10.208033011108752,2.9780128840801936,0
22.027861706028165,24.296335259770906,7.834787339988241,7.457147263600999,0
27.003124885231134,48.049791287909294,10.530462616418195,7.848801785993235,0
30.026218498590914,57.78556231994496,8.359959746238204,5.977408657766454,0
30.23490296882371,50.784299659976,9.18503466902184,4.505773993803469,0
27.74967264260378,54.940715287087244,15.020356270895611,7.1798769475002295,0
33.114249661737496,28.64807367145809,14.021383155371044,0.0,1
24.661897853087027,18.672839998872345,6.101256289217207,8.410347450313157,0
29.288102574893532,62.5200047793323,12.489197253637524,5.630889518309836,0
30.601478158559495,35.15980241736796,12.434189663474776,3.887625516108673,0
32.57219417029374,36.23750475317429,6.555210133742145,15.23431097859779,0
33.558074390444446,59.92291212773587,12.456332931264582,1.6253299060472388,0
24.376789540810655,48.343450141009896,14.613795755237659,2.984620054674846,0
22.32942914632189,46.83831658122411,6.632365581266758,14.95776651102367,0
36.38838410949255,72.47503517351626,7.2474915369572095,0.8396934757507166,0
31.661570059897958,30.347226544297854,13.052984400530507,2.2494235853173055,0
26.25756731721723,53.917601921218555,10.814485932476945,4.26487288284575,0
37.75575987761262,40.855196873456265,11.65442882571857,9.203672410647746,0
30.578373171464293,44.02888418294886,11.02176764920149,6.039012536766567,0
35.89648592031913,62.927026396187976,11.172087762784432,0.0,1
30.337592407050543,47.61753634434436,6.0205836150667515,2.339157184364052,0
40.303739624409936,48.07444118574449,13.141953119864345,1.963227833938943,0
38.77670421221602,56.087610059647034,13.50876997728332,4.613894773884772,0
28.75517925760463,34.52570905685672,9.311827767795917,7.129218293149146,0
34.85785475477178,27.411854989914904,9.869569150558412,7.09102877943986,0
33.226879747925736,24.327862089684494,5.406677492332833,0.0,1
36.843157787661745,10.504651159359973,11.542764268053505,10.31970493780428,1
25.17538269709948,70.84310694910484,11.716172325142432,6.262844229983117,0
33.4302572999922,23.451874514174754,9.813426949002068,11.92266023796953,0
35.292122434247936,36.68119564621342,13.373060079611509,7.220991636453359,0
21.20630256788443,35.84780050166619,8.997768307060179,10.50661478867881,0
24.083707436671126,44.61110046713651,11.6938177776808,7.332726557250634,0
19.803839111199498,52.23605818808945,6.9410069839236535,11.73112878101374,0
28.652965827777212,52.90710232539618,9.929343547377286,7.611253180088893,0
33.58771127897981,31.25383842146592,9.476937226291492,4.51042376778548,0
37.51178526048014,37.49317429320383,10.675923766122825,16.362173602234407,0
30.370473902098876,44.2386992573245,8.891419213499924,9.44518561139946,0
38.14307772785646,36.2696331072468,9.605582212984997,7.868722105022066,0
23.099492708925542,64.1101836402999,12.47814151432452,0.0,0
21.483087803224226,47.36462427457377,8.689707288285348,0.0,0
29.722261505516904,51.02316679074726,5.180268697783962,6.4635774107092665,0
31.920327244696537,49.94321903001119,15.248751712616261,5.727605988841204,0
29.836526259529535,57.60210786227987,14.144362236071458,1.929387174958419,0
19.662789499800617,42.7153233805556,6.123211914683144,5.7049134980603,0
29.55439980243606,20.547520780662303,12.069123415735582,12.943134640217979,0
23.477652497475734,45.99531927628962,8.49107568834597,8.477012372751494,0
33.348362744150194,30.229646593122567,10.79046164599318,0.0,0
31.83299123048424,32.07074977375365,10.882672387040481,4.442455864285281,0
25.300601068363225,48.7954602813264,9.296776599051034,0.9751675957371955,0
27.430665413316532,58.57424607150453,7.6487030032408105,3.0615004179571943,0
24.70393239055524,40.319073651040924,7.928376843051222,2.931921671851786,0
29.68660451363414,44.63249518898446,7.251424253556273,2.611772086979974,0
34.77571160250619,65.53322416952857,7.504533375308666,0.0,0
25.07136976832228,43.61129769232853,9.798465129851934,4.361726592409049,0
32.52023257758922,79.02524671270592,7.852720032667745,2.19696181576345,0
27.348711908137794,48.482644684473165,12.04615619713786,0.0,0
26.03563583868828,13.588558612662734,14.461738466007782,15.264860122508315,0
29.464848200227213,51.30012431656799,8.259840275889871,10.443848271083361,0
24.82378838790313,45.71737577324167,10.718213501606131,3.1184963753750194,0
27.23175347326409,59.34629131124119,11.499055330908801,5.094095248702992,0
24.010610537055758,50.097720269049375,11.416006812757823,0.0,0
39.82362566458195,37.92316024024339,10.227865803748262,13.478614389054327,0
30.176317759858645,21.635526455659512,12.228047255079167,14.486443473865558,0
26.50137246003707,36.86465114070962,11.446746858041971,5.7834686412326235,0
31.06989955367111,27.242193186860497,6.2870127330181065,10.117653220926723,0
29.43835975154585,31.29214825292916,12.607468193167819,5.876433894669619,0
28.895152002333884,48.82867606630914,12.661872511800226,0.0,0
33.07083350021713,65.0485675652711,7.710141687464255,2.9408831551817136,0
33.787538550236526,45.920072947344714,10.113813506342806,5.659639833859785,0
27.34749426194736,22.061754069472236,12.049986978433209,2.727261406282779,0
27.1209087967766,46.66904002330211,9.372058541261914,3.9067336128248202,0
28.62474151424178,57.94947229968477,13.218934143298036,4.543002212454428,0
18.490394176322077,30.853256435209268,17.09161748385808,4.595607510672694,0
22.42404468900724,37.989742499906235,7.642041902095053,5.261292452487416,0
36.83437133722262,40.22032292093795,5.856866190538676,0.0,1
38.22483856750642,28.2265253037664,10.911455786814628,1.4149192543603188,1
28.75481980221811,49.72420650765788,12.16468751537843,0.0,0
32.88278481527883,38.18577777088328,9.307400878465693,9.889077748431003,0
31.556250772717682,46.292986658605415,14.359781989963103,0.0,0
45.39440404227619,26.6876173329685,5.984182600830254,10.767951716584626,1
35.59787455717289,33.438125495148846,12.078755869094834,11.931746986314216,0
29.360412042596167,50.83572036741657,8.18241753772332,3.489097065086893,0
25.22229779699787,34.4075027186235,15.15813371862189,0.0,1
21.96776839871214,65.90445776850108,15.977546059504355,3.1934471901635475,0
31.017318179336115,34.005457215780964,7.7000302366499564,4.6790791935559035,0
26.218246273578483,43.37027088627829,8.35132859227426,0.0,0
22.88873145201163,53.98886247809635,12.578763660939405,2.423908030958786,0
26.767135578787368,18.724514006004526,8.838608050631457,12.650975994316756,0
24.592259981928024,13.587867820288363,9.863766346203285,8.324635811508704,0
38.43570817536282,17.11515528144858,10.07616526162723,0.37717942810950067,1
34.408198784747256,58.93876155140773,4.240980531407031,0.0,0
29.960136793416915,31.722127811613298,9.958486761717289,3.364913411951145,0
37.39972069445013,78.37298928502378,7.930816677807479,3.9327161032478086,0
30.38684153823809,31.536286020139173,8.520631532800683,7.480995936816582,0
25.69357899335868,42.768269547955555,14.330896010406443,2.323416437161705,0
37.61562038634828,63.13164928851813,6.2304793171622315,7.5574978768093075,0
32.694550218423295,70.09139332238684,12.439615560243933,14.675770200301146,0
24.81376922836772,70.92255364954596,9.163111209004574,9.077505112221314,0
29.04830660958196,58.12549345889714,9.160719494512497,4.7595574633461375,0
25.621908733076214,55.360937887171936,12.371115688155134,4.0842476447335265,0
23.086001345178317,48.88790423801775,11.020153883706671,3.2166343291006436,0
34.630887737658206,51.675416142499564,11.711838991658592,10.903204562260722,0
39.54708320235065,31.732214255071998,12.904553981598584,1.8634327702434854,0
23.007162130904295,27.727016748665392,9.006074850450032,5.2261135449999125,0
32.81484618345286,39.94938313883572,8.16328979647675,5.255989509405427,0
26.746787154390866,37.447230662126074,6.7445484203266055,2.4910790359423403,0
27.56437308117652,33.201579260090874,7.523768410063134,0.0,0
27.038030378805654,50.44581171185073,18.847283275926173,6.61487251808834,0
25.68004615160092,54.32957812855766,13.73403874221036,4.694980140723082,0
30.242608139724133,41.32610329437771,5.9467769013759355,7.501202347182849,0
25.84524941794481,62.162951215828926,6.032626129769289,2.3319984678041656,0
31.352284128899193,22.874663287997425,11.445598185155475,11.104106494065238,0
29.748809452754315,37.095108110804226,11.641794392133901,0.6161310939407763,0
28.80525976566795,29.247665190957925,11.646651505952093,13.560201420089463,0
25.46218168979201,12.0019507439041,9.235132619338906,0.0,1
27.116143347158335,38.75978971235951,9.623637219991299,7.173850322784456,0
33.77695612912878,38.17378737425075,10.983638572478073,7.377153412633117,0
32.504585938121906,62.70174614863197,10.25767901887999,1.0222146602955884,0
25.112223776007244,49.462175268321666,3.3420988817573942,7.121969689305063,0
30.49666152714613,24.637197635061924,9.310601108274419,11.397593348800793,0
33.75693561685895,67.81138849501282,7.445780697219059,0.0,0
21.652973594393142,58.31550543288029,10.525634256725535,7.5137240374540735,0
32.71680096189967,48.731465552029235,18.95577700781023,0.0,1
26.686881205270765,36.60273851725252,11.102444996422914,0.17167598238395954,0
32.852993342965796,25.608411449147802,9.059410941482806,13.145831824504725,0
26.183704217287417,34.416898358934205,12.765404505931757,2.09108983303973,0
20.975589496677404,56.33122929556279,11.448063661627637,0.0,0
21.862287810584185,68.26879458901914,11.260283471355525,4.010311355076591,0
30.24042473330691,63.14865292408284,11.820551779647014,15.339531690817761,0
31.29861250860741,32.667258673205886,16.169630694488625,0.0,1
25.478416874477958,23.205738500664832,6.607334694022253,0.0,1
33.19296229388687,42.113293703668056,11.420896230434364,12.487158415898133,0
21.6923996886552,13.473409516557226,7.220856610055385,14.288511717688662,0
29.66960100676342,44.847515712771724,11.666537939026744,4.4828438785485805,0
23.944919001187717,37.78596120551997,7.243940465541717,0.0,0
26.740819460989204,33.00945247197637,8.747899559184747,15.479217509045796,0
30.23699335658207,16.07945399099807,9.114730257286281,12.972211958745984,0
25.69793317358024,47.704001598545744,12.927450158034127,8.394734938811165,0
28.077222278850872,32.009487405071326,12.75536333182724,0.9379882553128995,0
35.0314640460722,22.45124746434568,6.262847870660846,4.754853295809816,1
27.115540652384254,5.0,10.164802332999546,4.198199594775846,0
34.17846056032571,39.58727642424046,7.8712604357524825,6.654256523077889,0
24.351465726711908,66.58377395004617,6.224485267973996,12.25500719065668,0
32.64902088957641,64.91888821821806,9.348948848726888,9.397085205687016,0
37.207843103289505,33.14355615120592,9.074551634632542,0.0,1
17.641777499363553,30.966819094573292,17.280149459036565,11.882482250097688,0
26.015523722647615,47.031613841125356,11.298879476082089,6.565660700065776,0
32.8853606359027,25.024218412175628,5.867147497737288,8.435328979294582,0
28.984773069785035,44.52687849729199,8.305677987487172,12.332704296393015,0
31.855729366856544,51.491204175770356,13.064149886288195,0.0,0
26.980074066420897,58.403998358264616,16.265328318609775,4.820872106467685,0
30.4329489373645,38.49768885280071,5.2420500632861255,2.3427272432039246,0
29.221613823039604,36.94489374734551,4.360226844582865,0.0,0
35.838910308299035,26.830261198651584,15.612895526115347,6.7335498880246,2
31.272104216506065,27.5967946894021,11.168842532112711,17.55778275792212,0
31.68801331037601,36.602816621477096,7.3951218043709,0.0,0
27.940615169387662,45.510482602242675,11.603887258367307,4.8385969447526485,0
27.561968879637533,53.703769393498746,2.092756782949367,8.202714675373867,0
27.837209060901895,27.952315739794827,10.010126519791482,5.6153910082809055,0
31.972260711891483,62.39032853439282,10.983463518529256,4.434359737421298,0
27.895077595898684,35.93314598436147,12.772810418613489,0.0,0
31.448874284482066,39.67949058477346,6.958312143122387,6.163933714700818,0
40.37700399322719,28.79182481278265,10.257061484210077,1.2161801149203684,1
34.35562351715846,5.0,7.2237261218212385,0.0,1
28.369882339160796,53.26068094541574,10.766151267022952,10.972961102568654,0
36.00606961081972,51.0526584563865,7.313961032910928,9.791929099210211,0
27.959623134892244,35.780086643226795,8.775697482519337,5.2583048842553985,0
19.80937732411073,41.00486075837308,7.012553815629313,6.145373441028513,0
24.95956844541298,47.73908826556149,11.953408725470972,10.371590063577807,0
20.646040394870724,16.56181214670186,12.575353349969996,6.121698283890413,0
28.24243257979346,32.06420983980558,9.29613829012776,9.520087773806573,0
30.092091895947757,51.913970194327405,10.114713984880085,3.5125889956307494,0
38.382186561376415,21.18565865246126,5.654225756099367,11.559918692869733,1
31.634636868820813,44.40336898249944,9.100970055979639,6.60392862966342,0
28.90449735595568,19.651272930648926,9.849386148874766,5.97025971802937,0
34.14702790591745,46.996449736502896,17.862379273089925,0.0,1
18.944323454960575,39.465377765537745,6.664098922677509,6.4347792715085435,0
31.178072790542828,15.773022761417359,14.392531716257313,0.8402254125277437,0
33.85432596943483,57.47109031685757,12.990576320397423,1.8085863673575293,0
22.607068771100792,28.981126348029264,10.841909213470409,0.9231218584193943,0
35.71877021603464,27.846213444784283,15.2758614525854,0.0,2
31.69248203747207,43.008537958464146,11.116316417820588,15.623857015084807,0
27.923560430495993,57.22956024143073,11.167477587003786,11.656695309942016,0
33.163909330531425,24.762672715324044,9.840638040947365,14.601837510721307,0
41.35346428902198,40.92519774771957,13.670706647255884,0.0,1
30.909331275292477,46.432247504958596,13.289407701432651,5.356268749554462,0
31.24110293150168,50.39658410894716,8.122968137511362,0.0,0
27.70319550229878,42.64662332915838,6.042258416203698,1.52152561401468,0
25.75077815267604,34.494582413750166,9.391058087813029,0.4093650829171258,0
34.15167908272123,27.586146690269203,7.599884306807061,11.197920032207808,0
25.719580870455665,41.292158245695624,9.809426276153935,3.018851609491201,0
30.357831186096963,23.917914820215895,13.712314404052417,10.341896668470081,0
27.611712766174417,5.0,8.62809503473963,8.02060444794259,0
32.39489912873196,46.54839706236502,9.871529856065276,16.518193760523943,0
31.66831052643474,53.55902261629293,10.174068204425186,0.0,0
35.1876997212895,5.0,12.545292646615854,11.296166198933994,1
27.449918005726264,24.854039429350937,3.259331998046184,10.732204352003638,0
28.650625323533145,49.287313915077966,8.17989911570411,0.13310580986482723,0
25.106181421088465,70.86243204567548,10.633851076838418,10.035666682365799,0
27.77853369961944,40.31190561513112,13.600236869280584,6.6807248151311445,0
31.88650246522426,29.07995588156298,8.524292657481384,3.862618700232961,0
33.78494308322676,37.256553383427395,4.370341881874378,0.880322565140002,0
25.389173379111874,60.623146287222774,11.859134337898409,1.4044527427540703,0
34.3480296005283,30.31053731313197,8.093912833523111,15.24906047892963,0
36.778189294024756,28.012119900246198,6.431000022728917,5.003414094787413,1
32.067174516118506,32.758847167269515,8.126963830860328,8.910650007657296,0
39.38397906279033,25.700070876119312,9.446423927032452,1.0455030916622343,1
26.131054004482134,41.84005473992193,8.18576600638536,1.100735268891806,0
23.776726483442914,64.3701768770434,3.383301828702793,10.40992404624971,0
21.106398755478608,44.84618909674044,12.691198590661397,0.0,0
37.480221557445915,36.21469746810568,13.824625123836167,2.9239311604736424,0
33.27182828177029,35.62283096626684,11.954565974018518,5.1701370553611605,0
29.722076645447725,16.552137869550144,6.58694298872555,5.556863009200262,0
31.399843131599102,53.246646657207386,9.395525398157446,4.104533574919219,0
24.372554763508116,38.83244204480797,9.980436054311626,6.979098905479615,0
42.228759898084135,37.29280129614062,11.79638316868573,8.464278779089058,0
30.646105909876137,87.8966135176729,12.005021466154243,8.67318772729665,0
30.546973973024464,44.48129362548529,7.797478603664513,0.07098095666086657,0
33.62883311949346,28.723134248572237,10.245986669240681,3.5792245103560143,0
32.40504615868357,33.60463605691685,11.371841213845723,10.97381430938469,0
31.119420121395656,57.22668563795132,14.3674669664403,9.473235937869362,0
26.04762772277344,41.69905615806647,12.11351961947417,0.0,0
32.35734178567998,18.4258303252395,12.367170062126558,6.757399501761008,0
39.41012248237517,53.78843401862805,10.251479883788083,0.0,1
36.72710023077489,29.97783871691509,14.231377435610511,5.234674510301848,1
37.965933133196984,68.09946664326318,11.229288387878492,14.488835083729885,0
27.443921617844076,56.20072098571973,7.416736269479289,0.2605364136550685,0
25.051975898707095,33.29017156511873,14.210109910375571,0.8283847725420896,0
29.37106539950176,59.2152454260267,12.093709817617082,8.820148907864297,0
30.278624561443472,41.01783265791105,8.670867936614552,0.0,0
35.47095759235474,52.79160512683329,8.56152109780227,1.836224850574805,0
21.537676851425903,47.27099225941712,10.889726635422285,7.982205687908763,0
37.64775159730307,27.3046501751369,11.389554385802754,1.8285707615529843,1
29.209960507105052,30.34675251523807,10.591876796893619,3.820150063945142,0
27.8655946502629,55.44941226371742,10.933926020328654,8.720928551575174,0
24.93947812369916,34.97837001840189,15.099872123729142,7.107730417682806,0
21.725716640671152,33.94527305137005,13.214629456704657,6.334091981477009,0
34.11585291980957,25.673161309759706,10.571906773795073,3.304388603649806,0
30.36658983594202,46.353985983901914,12.823931742302449,6.850305576344777,0
23.55019550129473,70.93787378864718,6.902428289417381,4.381336599501217,0
23.52460613968192,23.987006286185906,11.193781149840426,7.289028049628923,0
28.32107650354936,40.36329185009137,15.42791904919933,2.5153398744101088,0
38.34510762644696,61.18330833123144,9.34586231382288,4.087155128102294,0
28.702043243181976,38.805379131314275,7.4570982141427455,0.050211037239930256,0
22.48428523440947,46.78557694374601,8.043733334220818,4.82496194996882,0
28.77128467957028,24.064097077796802,6.7311008879728345,0.9449956818557759,0
28.636382151261646,46.42460645811473,7.645714275616889,0.0,0
16.515566785292144,37.192836024931765,8.888475704229913,6.29330573927694,0
29.72852566741094,54.78594993519795,5.783298942464074,6.063698879288301,0
28.84532734895661,57.81079077347127,10.04685500184881,8.914368674742862,0
33.48103182406709,78.84345463027921,12.706831521359941,2.844372152124505,0
39.244780474726724,48.69449759820363,7.2767314595592385,7.040264234183779,0
35.632825147738785,44.886944748732496,14.557851770925307,7.753987861368316,0
28.655556547225846,42.91576452366004,11.532376265582784,7.223869039157973,0
24.467370456291647,34.702505607839676,13.091741756872171,0.8717315859892896,0
42.8667990162493,45.077257651925365,8.02649633844359,5.746817411355945,0
30.29609217007244,35.56897884791456,12.563575681199847,6.820701480273307,0
30.06964645956473,42.52691464404421,6.724198298814061,5.035892334539709,0
29.879374564449982,59.7639630341194,12.670742502509526,0.0,0
30.990423803839274,24.901861520805383,10.515518019380593,5.8024481198674005,0
29.278197940380288,57.09817841693568,11.659753659954351,16.06265519698621,0
27.131689965598817,59.75672601009798,6.473216183125445,3.1998036562150864,0
27.26570529379804,38.22897209513382,7.314790473170186,1.3596145107233943,0
29.836233648920008,8.172176514871083,11.791684654760154,6.866742798556991,0
27.282876144331176,30.882670193583515,7.154955987327398,6.561891052332859,0
26.435771086614178,59.454918198416635,11.38961887629737,10.963675827082072,0
30.532151138459483,39.656979065516765,5.898586580619263,0.0,0
28.725113912895722,25.01046651557634,12.544522638000004,8.656901262874962,0
37.51996494291345,32.42837618157674,6.302430055694472,7.9521103062573175,0
16.74515095803494,52.6093003975683,11.656899813038569,4.28926731529727,0
35.45753425961231,48.20100352302069,11.876892800938002,6.69343658960845,0
36.23042596248815,36.416018512454585,7.909684544711276,10.147287407991787,0
19.63304883795925,34.49763382277969,11.74607970125418,9.361576900142252,0
28.286562029598258,34.12362776434267,10.781326790000668,0.0,0
28.142795670021044,26.163847232522464,8.383474431421785,9.100790933777422,0
22.962441526410892,64.23063534204162,6.974335947771376,4.676556974837408,0
26.110916562045624,35.1651929618299,4.112122924982263,5.364370490077577,0
24.447120772670857,58.257377812382444,11.04895014189908,5.365984955008472,0
38.761352217118116,62.819740778836774,5.305591685913835,4.2487850560087,0
34.678391965737305,54.974663472219405,10.286032598323924,10.958537485535324,0
36.35777547497079,33.52569530922928,9.209655351753252,4.58141020075394,0
33.60836032021618,46.05595135504914,12.037428326314586,0.0,0
24.354741143913856,39.63706590413626,9.093863501530407,3.0323507201513555,0
27.37739866860113,26.444472089048077,9.011656640958726,5.893473584052378,0
32.44687280613959,44.865389225824046,12.195612112864886,11.146073921485252,0
23.889360955540273,22.314403132602962,11.005174087252353,8.015473424744169,0
33.56499215086194,57.815190826923455,10.948467871548335,0.7473236062647803,0
28.798373009209325,33.03074054052411,11.40780276942558,17.425949583394456,0
28.125895962252013,43.01739483809259,5.393283630378683,6.323876554889898,0
33.554799841017456,44.24931807319213,12.270366039960946,11.376953689995073,0
32.2213165574302,36.11642539443884,11.837406382040808,4.241427832113854,0
28.1951691709046,48.80040702212912,6.9499506142705085,7.666796223527247,0
35.79664901682124,32.876445150662136,9.267758578977396,9.197342522592024,0
24.594683362000513,53.06945946185866,9.882078137117107,11.09097355877128,0
33.07967803472132,19.810304796298773,9.596509646794802,10.286841526891125,0
32.96550628984192,41.89569369319618,11.001579899705604,9.360985000364888,0
28.452267803430047,69.08393498587427,14.29410034549355,3.424566344029457,0
31.63066511121059,24.99503013091638,13.245300183018486,2.141269790219693,0
23.744432118073483,29.833825442127228,6.063342419705782,6.663037551620988,0
34.6201350960345,47.708617744883725,11.866209970918145,9.665640361705346,0
29.075489317785056,42.69372672909397,13.986799958606229,3.886396496116965,0
27.386384897404803,45.25945148910339,11.160425562067608,10.325859828571932,0
35.245046129184445,47.337806952214954,13.272941275557901,12.263083727430896,0
26.478281547286205,49.52082202842655,16.036811337102296,0.4183954046329017,0
22.957693518182204,56.645497629343346,13.071128638320944,0.8153964810186007,0
22.216854132380483,46.147279853927685,10.747925786925187,4.298124705473318,0
33.0300497567282,36.38113518072186,13.13526542225426,6.538063340945982,0
23.597853237518585,50.08860551804097,10.434663499290673,2.3771649311647454,0
38.77397090992182,68.49822902342824,10.071709129854867,11.761013394335722,0
19.59035296058139,38.010493804261394,8.945757292858803,7.120334307592255,0
38.48228184145019,25.382060429940378,14.690240076496325,5.197235241203697,1
31.05508733601309,56.60621003930459,7.544714002173996,0.0,0
29.516434440648037,38.19428254069603,14.597103174034348,0.0,0
27.275404565955252,7.409956809789456,11.499592371221114,6.405046251409031,0
31.995680571760353,52.711325157256326,5.802081475594175,0.0,0
29.81182648787576,31.97007721069116,11.102947878974264,10.063187048220358,0
35.516509410082605,38.64200076543759,3.6999204770451275,4.209230778138399,0
30.571138243310198,44.979704958535216,11.876524050493106,21.215464847973667,0
30.75150880730939,42.857495196685996,12.655694448966972,16.539581253080552,0
28.18193893893072,50.64177725708559,8.22293213304384,4.092754653762416,0
29.715271881394663,33.46770444145235,10.370643087866746,4.468314987343425,0
31.539008844460295,47.69658697264124,15.86247230125086,9.97790757001015,0
21.449158036716874,36.106799836241244,8.48275988721419,13.51586304959019,0
23.259072889471433,51.08215721331254,6.823277238830198,0.0,0
33.71632047011357,49.2305122601958,14.444990207387796,0.0,0
30.854327190639708,25.96841946933107,15.887761571592385,1.8898259722280928,1
29.080083318236603,56.289731742625484,10.011087015543541,7.913687915869322,0
30.092169665326967,31.96054832328928,13.034389106225069,7.484367952537985,0
31.737908526808354,52.12086697421718,14.024427746592643,10.34885727491925,0
27.301201598453193,45.50930970102011,7.772547302384848,0.0,0
26.108476372988438,67.57275515192684,8.544082493896395,0.0,0
30.979226275488408,36.64801026442222,13.692623539464204,9.290070976510727,0
25.10813611192484,34.760248058227035,15.055042836125528,0.8590186351738271,0
32.04126377857236,39.708705911684014,11.688642580523064,0.0,0
21.4870819788108,35.452303257485866,7.360556939493837,5.725318729796908,0
35.14577818662822,51.99912852913075,15.961183335098323,8.965878441093388,1
32.362987412065216,15.755340873451182,8.407087306564106,4.389714339393613,0
31.28014867156938,24.194763712804686,8.994586656485644,2.7107580690875537,0
34.91345491972757,23.982956176312104,11.027013503468865,4.203188839270467,0
38.32737222231288,54.25461387960364,14.662481262144322,3.1470861879960856,0
35.07185032509065,65.65920058872888,12.56192792965667,0.0,1
20.795628843341774,38.433261721937924,11.24459650108573,1.426596615047841,0
23.602115166321493,37.46767415214984,11.389865590354319,7.606399525069072,0
26.875907111521606,41.050782446697724,10.130544005930398,6.6083927068825,0
30.13045525105417,57.42817453912286,11.674418543555518,5.840299029834101,0
32.58829510234561,26.089702987141386,2.4113197669170905,0.024257590733102852,0
26.371280934232672,43.57553474102178,9.110177622790605,4.092484189321665,0
30.93383382238539,54.62796444673644,10.723965804750343,0.0,0
26.22308533823339,47.51641254909768,6.5469577491414785,5.892383319426949,0
26.942410985040258,42.843724248981154,11.15896995343468,12.144288539067837,0
22.96669451575889,55.01569138850712,9.386586337041635,0.0,0
25.38383376944548,5.0,15.26642709494647,2.0703616334112236,1
23.24157697191833,50.16812979296361,14.719059175644569,6.645533893550648,0
25.120633735113337,30.188864753088644,8.602583292645512,11.264213172137419,0
35.2682089830392,12.540506547153146,9.547486865299915,2.758876918499253,1
25.253005555840286,47.66803899287471,9.778157303174822,1.5387483536705182,0
43.161910324186955,60.60487817744436,8.645021571521132,0.0,1
32.466589504404446,37.93827228058462,10.58507495208438,5.517190646540532,0
30.92418061847437,54.293118208044085,7.725153793337229,15.21038020071872,0
25.708211099093933,64.18417386982968,6.608153995187421,6.386792309823379,0
33.501549397044954,59.72371680376071,11.868133671700805,4.888605104081433,0
27.12181086881113,64.59946794057089,11.888588752665433,6.610411553834927,0
30.610049073226808,51.13191236607838,7.587052721020023,4.94453998025699,0
42.800422691343975,41.13150458352389,12.686066292287798,0.9349281386993509,0
29.51970050137675,15.970512821542474,8.105266812504006,9.116399578388528,0
35.74636663142838,36.30906267805077,10.759495714113944,6.128807615558772,0
26.48411787437056,27.351301070257122,12.461032037837368,5.088066259668286,0
29.82505754751519,72.5641407624672,9.899162305888861,0.1231698636087506,0
38.85400317817755,37.36171281351495,11.364222736423404,11.517539659673796,0
26.865164711061162,41.848072101767286,8.450711068337284,8.32351372666555,0
39.062242789984644,48.272280640607015,9.410600249715708,2.23539581316349,0
33.538759677277376,40.654036695586804,9.38242170735898,10.009124268409685,0
27.18766612052866,65.4257656064613,7.760264960379283,2.512145808073964,0
33.1620386952776,30.660259573983218,9.469677510652653,1.0899825374448153,0
34.86277224813365,42.91911182855864,5.35414510340876,1.2014844125985649,0
33.10904981108598,28.862941214529275,8.526538758573686,0.0,1
22.148876400547717,20.199662331689414,9.145373519890988,7.357711902091029,0
26.364314120875658,30.82346363642072,9.23146074251386,0.0,0
28.762406822242475,39.44444804427382,9.275507662387664,0.0,0
29.62783285449977,33.5604666322411,9.814707400419612,0.0,0
33.10336048775339,29.61368530189216,11.438324554258191,4.5696515360455345,0
30.888505004666268,18.90523804492249,12.623551222397568,4.248397698640639,0
23.323278206449494,38.75341641056958,8.0507043194552,3.36651893406818,0
31.900989255029817,17.429194389534967,6.390397433832566,0.0,1
33.05292872641912,51.40083945534404,6.873866763270691,0.0,0
32.7989522396552,41.23659629401755,8.538391236415219,7.321849317732871,0
35.40390362777311,18.13672750802604,8.944236046550472,2.2472403414575615,1
34.16961077274452,35.36186384425205,7.690011801407628,6.5817916076807235,0
32.29590039614219,28.717653916141252,6.111650007250317,0.5737565693788875,0
29.649171442706766,44.78761765628771,8.631637517577435,5.905313713855412,0
21.69519533242004,60.10675669034717,10.544279860341915,11.516390186580319,0
32.14809109566293,11.87241295531383,11.785088397506694,7.930829001963916,0
31.038438435815557,41.72539118721126,8.327730840675036,2.9379309089175982,0
31.357894185976868,37.59800806650039,8.761006533569699,6.285994851779637,0
23.616257120898453,50.07010114675698,7.219905073458068,3.796674127348935,0
24.594717297958688,43.19794942356533,9.905682488875671,5.03940092347364,0
35.26576426666452,28.720460023917713,7.454714097427557,3.371944739257482,1
29.802224230716725,35.214190965000725,11.7193834397236,4.178323970573044,0
33.40750348686312,28.059612147947664,4.642400524197667,6.060466765370876,0
30.141591880652307,56.14010707897897,8.921110982642613,0.03320650209024656,0
30.148780697478728,40.319674730079136,10.903322017575226,0.0,0
34.69141902987999,68.5178602862951,10.551503548967514,0.0,0
27.41977635891313,39.090087792780686,18.079100991941488,0.0,1
30.480603884704916,29.37389849634306,11.049400073703723,0.0,1
27.688623556474788,17.29428411080759,6.987836209473969,5.797312534020646,0
27.82751886283842,12.952904856160824,9.71360725873278,0.5360624225405797,0
28.454139382656802,16.237960854917652,4.671260999600644,7.568072321155482,0
31.110668858168566,44.00689976517225,9.758200752109717,5.173568743762809,0
27.606256891682612,47.63087534844901,7.500831828997724,0.0,0
36.278780627867604,16.282139469518,12.746170826680485,8.274877921108448,1
25.52696348890248,53.425574711141735,8.351379176213396,9.05399322795855,0
29.065641779193204,32.75408422474841,9.64970225261426,0.03068662582573367,0
27.801344708629124,42.20189517978324,8.093326475786789,7.1009577144749585,0
37.23488942176866,64.18330942383136,15.216554055559994,0.717508812954005,1
30.982773882557872,53.452589737982976,9.036271701646266,5.488351883741677,0
35.159222697343175,35.97204028141252,15.497671130437606,0.0,2
22.57219813481514,26.632116618770688,12.4424552863548,0.0,1
31.335251329346296,7.7227689800604225,11.446200182006159,3.0859140519351564,0
34.44815397811718,29.212700211363696,11.106199441952558,4.3813552686258195,0
30.41141994637712,36.83304641758458,11.181391894648755,3.0116015319269795,0
35.32740187532676,25.192307092732243,4.21698226196317,0.0,2
27.41355774949814,38.031145493615426,9.163349817547731,3.0005046893443144,0
37.0467372009279,41.15277824438152,12.535473913552964,6.3464737629036705,0
41.49449061809625,36.627160272878825,9.853308449577684,4.775534849387315,0
28.185807197801704,30.249961287648105,5.784430459589275,5.912505152996067,0
27.77248739299614,42.529820079500915,9.842786648267591,1.6494239977288356,0
37.2669223855885,46.629109743541136,15.112316548766474,10.858589573580797,1
37.89786072865356,23.64401383835731,13.740675146604158,0.0,2
27.385699864233658,61.16398569619405,9.813987971901906,7.437801485433593,0
27.899065914520712,38.521178015736076,12.854347831174259,10.909455464799809,0
28.591076955697464,40.28274434417271,8.900478938895844,7.4045404637444765,0
23.277747444828613,50.62321634884836,4.8883852395198435,3.9873788646758497,0
25.40674026757901,43.49824196895253,7.226602035611337,2.3585147666851043,0
24.97929616623966,54.29704950869868,14.688666305524594,10.18043825523128,0
26.161012174479357,44.30686247802736,9.178020754512087,0.0,0
29.826575563066093,30.813439380393433,9.269848061874946,0.14937869810178217,0
31.171073662682602,45.42255287809152,9.100485411175358,3.012211172541393,0
37.75250246407038,22.844106890190073,15.71240976871902,11.188268787559991,2
25.008229796306047,41.62839558664785,14.87787674608619,6.89883818020448,0
34.92161199238292,39.50155014033309,16.6563407003444,0.15977120744877382,0
28.930055778872454,36.8782471409119,9.522864368799846,3.448461473075482,0
29.752681451737836,38.07193732841604,10.886873466241285,1.9283842795185278,0
33.37409746083302,11.772264317535413,5.450072351737626,1.4510550388323247,0
24.386389892188507,31.769126383885578,14.430803278354823,9.894447792783897,0
31.912048730920255,41.39267351711672,6.496661346196195,0.0,0
30.83226104106528,42.397845879961004,10.650326691287887,13.043904278671867,0
32.462256320040744,24.584872886110627,6.708092417101468,9.141148450923115,0
31.44584321953909,58.985617612970515,8.233399519783912,10.45430835301849,0
42.276500699554475,27.007377276782485,7.488212706850899,2.6853024398737086,1
26.81130007874342,54.541858007901055,8.176374217972546,4.250296404604454,0
27.345015224990913,46.40791542807527,8.382631890553064,0.0,0
26.88429736787618,30.306590352342955,8.355193615224769,2.376687964665985,0
27.222614404198726,66.62966338914268,12.500001735340922,7.468274238215754,0
26.81306436346741,22.095447523652798,6.68541162081244,11.480315308906981,0
35.94508265553776,53.787312604150024,10.6616242810416,0.0,1
37.102521239949276,55.00873477064467,13.653877456916675,3.172470315073671,0
27.14626853125262,29.940696863850327,8.460410906459812,4.243503898837388,0
25.838222134478855,60.88697950096493,7.846243327757195,0.0,0
32.35707778193202,36.24930228101571,9.308426124459247,7.956746208792001,0
27.238884778595143,44.33040443919786,13.53917562508213,1.3800483412869546,0
33.164659088777555,43.90482758156831,10.582322892860073,4.0230482441148805,0
31.0146151042565,37.98536887794178,8.406357116177205,2.7402531404406116,0
22.42127942501384,52.16212409739673,11.451629953564119,1.0533074714016282,0
37.737526006650306,51.902330808283196,6.69312355049073,4.964775072597226,0
38.97938836547761,13.772020401427287,12.044078531328843,3.921952107159888,1
26.93605654757807,59.56510364317229,11.225821923105302,3.140710588606672,0
28.061492200320078,15.062620179464886,9.076574586583348,1.3576918915982858,0
31.429326953624525,55.48819306512486,7.4842426046583075,6.597623353914777,0
31.672283949935125,56.90057705241375,7.339957233149628,13.268086342461425,0
33.29272136336415,23.635503546772025,11.60445200903773,5.699436164195637,0
40.05102269383175,33.83778568068123,13.686941507467186,9.980591074555644,0
29.11526386252975,23.414429972710963,8.088076758913616,0.0,1
26.00851377730773,36.77618454566897,11.375160110654452,5.788807196468848,0
23.103403859927365,35.379485737213884,3.7389189441937933,0.0,0
26.345349800290403,51.6949079840401,8.246146808028401,0.0,0
29.834365135631014,59.654631191794124,9.906823201387294,1.3031429627048183,0
38.97278931758894,60.93525716184934,7.270949749054499,10.959496672067864,0
27.411943504819142,31.567479601325466,7.190480875631212,9.750079143348227,0
31.118939758194493,36.86167189383208,7.996661330593342,6.215023610271999,0
29.91788551963624,14.748427116685747,10.87657818497912,0.0,1
35.94196636724042,27.91194900255717,9.438012944780876,4.018596743060316,1
42.63466212936811,54.47277449646187,3.285306300025084,6.508500044508677,0
27.345656135398396,64.23374235322348,3.637899542094802,5.877681147892989,0
27.55280278740889,21.48476692180117,8.179404466428474,0.0,1
35.22080438534536,31.113036112706588,11.373059758160656,0.5484107599006407,0
33.409457448131555,39.603913645616096,1.757485471824296,4.679611179256417,0
39.23353662868017,44.2024173822941,8.500809471545107,7.6814545475859495,0
32.91964092662982,27.855947201175308,8.421256430447738,0.0,1
28.203539546064704,46.36091566696135,14.165013334625343,4.189380122600708,0
32.95327415346155,32.89240979393626,8.84493456486141,5.715243849394762,0
35.54351790291454,39.78321593682581,11.148966954222786,9.248059942581065,0
34.10241090598682,48.194263720055496,10.42377142026239,8.464287921187184,0
32.53637015553649,40.09633404716407,3.6083005605783978,7.912856594044026,0
35.33337344794577,33.45421164210147,12.304621649895212,1.0002974664903292,0
35.84647795222836,38.35585294111254,10.646189516368864,0.0,1
36.91079495518763,38.67455561191997,11.52480591902377,3.034736214692995,0
33.24354943794821,34.449834551768085,21.778713119308982,10.0081591260428,0
29.164409598415727,36.11805905999346,3.7476611815042347,11.967272637622157,0
30.733568432166614,63.979707557570755,15.174089949283324,8.552745511488926,0
36.03254483254179,48.41379171911858,9.137657441798932,7.146704114008672,0
25.91532164506382,35.56779522956259,10.861986713209028,6.898198241929827,0
31.843366544364507,50.45431606766103,9.863463264096273,2.2194062661960974,0
28.033305938363196,34.99270765365985,8.72729099980587,4.3496985322318995,0
30.143724114674086,57.596869563799615,8.290501215283724,13.345347629131656,0
36.39225931303649,45.544632882971406,10.988526206719028,0.2872099710406184,0
30.955495340099517,38.39046783993657,5.448478909984963,13.073893953549257,0
30.232182740780743,46.715753887154165,12.251737502565296,3.389859227539708,0
23.200719295100406,16.43685771897251,8.751416785344238,11.627160545475393,0
33.731267830136105,23.09848796635292,6.609791982878926,0.0,1
33.22742090570538,22.09112490401417,8.64996142601256,7.929521005823245,0
40.8162736165273,42.1441464214556,13.771447650587719,1.3161493202618901,0
28.461108825234994,65.98772499227638,8.393994738951331,0.0,0
31.095751638319694,73.46950219288948,11.07536085462886,6.0926702120547285,0
31.246918418553776,49.57076652161136,7.80713117285358,10.047358942979844,0
37.887266398817374,47.51266712416685,12.273765549770859,0.7752928070325185,0
29.523522338065238,12.984133987708915,12.056523216370612,0.0,1
31.395107628851697,31.859893003989676,15.545826499889234,4.540776178325224,0
33.0394825485827,28.183243721376417,9.473308163502354,4.5628233561140945,0
30.93304561578179,30.68728602623326,12.00596441427372,7.741598137772494,0
27.767831927247357,37.47784272122816,10.294202618616834,9.747972856822441,0
30.97044996449154,32.91864133454309,13.887615345589044,4.702924093637529,0
35.36815874929886,10.310502844363185,7.8435028371738085,14.277516573971315,1
24.8674235029447,51.21865384176301,12.235015938631843,6.121173722676459,0
30.66484837073438,23.908854613902903,9.415908111649955,3.267867469965502,0
26.499395925304135,43.588702961667245,9.807435468674507,0.0,0
35.97523314462421,71.1112400462496,10.275257453345118,3.686702398419161,0
22.384065476081126,26.209231126203647,10.756721189280032,3.318065272944319,0
27.205390763642058,5.0,9.651312870634126,9.801523981407351,0
31.886059375322603,35.70993667179834,10.644139549511578,7.31241812033427,0
37.827620146171704,56.51439452497857,14.734354172686555,0.0,1
29.67124869463506,69.37521181330891,12.956349056845655,5.861271932055187,0
27.22400236653401,21.55675608321375,12.60746377749069,8.357655858645266,0
39.40578534720295,47.45048834854782,8.633381421928387,12.640156796939163,0
22.75993049791878,33.0203431482992,7.3322775153150275,9.437519837070298,0
19.00597021689959,38.410774685437964,12.865901674713259,8.80423327155739,0
32.200072250266665,79.66515020525551,12.628140377589382,5.300429973075818,0
27.489728878236946,17.455445074072703,14.418012027252946,6.941560027117248,0
24.893835914346433,43.8060949224186,8.188058122092311,11.247524503530794,0
33.541782236496765,47.0153975764815,9.311354033918958,0.0,0
31.219003568855996,56.286794874090205,5.081547512423698,3.2528033639152203,0
27.179606846316357,41.46974730206343,8.82258668181738,1.1371562562187965,0
23.59847800664553,44.62075809256154,12.989711531738342,6.895765593630621,0
34.36228664140072,34.125271488673135,8.600513862315406,11.151110878253938,0
33.251005889793305,44.03690411867661,11.921439385602472,2.0151285663946306,0
29.504120681103085,34.85211586753884,9.428490682006565,0.0,0
39.23318498023833,49.323578347840765,10.972171084664682,2.9388962748776493,0
24.649576168369236,34.45584495934549,6.5569258305529985,9.567368660087034,0
22.372374145376305,45.65650590853279,10.255628348901704,7.688149514749398,0
26.540459650593778,39.56105779472532,1.0265920872978302,7.140931239052881,0
29.77206991822251,56.89075376158252,9.439311525514045,3.6000334906276015,0
31.21669724661346,39.229094146172706,5.108580268854579,0.0,0
28.79381971071835,13.404512976896779,13.617983549640448,7.576471608122337,0
31.760276982571483,58.92882251070988,12.332222058293533,0.828590949826876,0
23.74230287904778,26.414015487060716,11.400012945898244,15.920483666902282,0
37.2188230203663,30.193504920267703,14.563018681478141,7.85253604177258,0
29.589244108037157,31.065080589347616,7.153250437525488,2.096758487230245,0
35.58647915794064,60.61657139756226,15.242089593746675,1.943073763056859,1
31.71362673188852,7.964886790319568,12.796574692781155,4.535278966932059,0
32.28376609576892,87.0662280048999,9.290334138343162,3.8024903898912514,0
32.84883640116102,55.84085213599078,13.406860441548833,10.584168877649772,0
32.23854280008658,43.348583711937394,6.681119462765097,5.932080848720232,0
33.21361379933772,39.1765899907557,7.526457515416979,1.3418413054573595,0
36.64576265066216,44.28331112286485,8.174230830280898,14.452203425778913,0
30.98260584850735,47.81683642569008,8.413066875807955,5.246541657601113,0
33.54501878794256,49.678233789250854,6.830327071719242,8.844198379844483,0
29.551321528563868,48.334066990051724,13.669249201285975,1.9588674627762037,0
37.200586077247365,41.34371021882873,9.223436798890505,6.815578138722617,0
26.61803848970365,37.03992369539011,11.057514905070638,6.555549955715976,0
39.004702164554075,37.730900745197324,8.288945900758959,0.0,1
29.799210246778284,37.07637579470978,4.538190098354448,15.076375552303201,0
22.84612448940976,57.00655145300597,10.810172075174266,11.453222304612735,0
30.640522074553946,48.90335083421293,4.2632350737406695,3.014023419270062,0
26.594741712625595,5.0,9.794097861743595,0.0,1
34.20321774494362,49.83851164794642,5.895054883501569,6.73780806901776,0
26.736880103488044,42.92104292078162,15.961827997692424,5.433488497071983,0
27.769082833926102,39.71936865331154,12.734088166524165,6.778344742816147,0
20.552296345272346,34.17222320366671,10.317261373814441,5.957886980970448,0
27.738468403754617,56.8616907997902,13.791120032964006,7.5312049465296305,0
17.88060336685522,54.21289693184287,7.461052067602792,12.236528496959032,0
22.080485882571384,28.40683498264586,11.630438136010278,7.840516025643231,0
33.80207328072149,46.105784306868024,10.599431301156141,0.0,0
33.92900079325416,25.42514898188071,10.79206024400101,11.81281426356226,0
32.12728780892483,19.30572752816604,13.817060500320304,13.203072817441438,0
25.165119284353935,30.599241631150523,12.197476308339407,20.760283672560426,0
29.7614432192901,52.93590208574138,10.86617098847507,0.0,0
29.981987304547157,54.2968756806413,5.035337691315112,6.214410065751375,0
24.208176554037287,47.69628130145939,7.119861114161608,0.0,0
37.51699150883575,50.87643680271996,9.631873199212828,7.765745781896046,0
34.386811452878355,47.742674306724375,10.280117122829953,2.258998509166137,0
28.89517913085168,30.377776071655717,6.609388825978229,14.617228974124766,0
30.134429194972654,46.47883817010911,17.235030026735263,1.1269251499070903,0
31.04191403973776,52.00614287841523,14.549182165760719,0.0,0
19.791325657878545,51.314369947203616,11.806354961177451,2.6436812964874017,0
28.764113087397014,57.83370057211964,10.216110583851234,0.0,0
26.590078760011007,50.624557708015956,9.363373090296545,8.75549727253655,0
24.991899950525422,45.27172311312374,7.144244619933293,0.0,0
28.594498535570224,56.052253574746416,10.232441555556587,5.142287905915794,0
38.988432634247616,39.6021811112641,10.773257620428252,0.0,1
33.20421430633505,26.771880231584234,6.274718273555127,3.3985109773167905,0
27.144105051086015,37.553995540843545,11.002529251734693,13.21689077902267,0
32.86291390678079,28.826460327903263,9.534222853525753,6.803239457178975,0
